<?xml version="1.0" encoding="UTF-8"?>
<?xml-stylesheet type="text/xsl" href="videojuegos.xslt"?>
<tienda xmlns:xsi="http://www.w3.org/2001/XMLSchema-instance" xsi:noNamespaceSchemaLocation="videojuegos.xsd">    
    <nombre>Tienda RetroGamez</nombre>
    <menu>
        <item url="#Inicio">Inicio</item>
        <item url="#Catalogo">Catálogo</item>
        <item url="#Ofertas">Ofertas</item>
        <item url="#Contacto">Contacto</item>
    </menu>
    <productos>
        <producto>
            <nombre>Super Mario Bros</nombre>
            <descripcion>Clásico juego de plataformas para NES lanzado en 1985.</descripcion>
            <imagen>./images/Mario.jpg</imagen>
            <precio>29.99</precio>
        </producto>
        <producto>
            <nombre>The Legend of Zelda</nombre>
            <descripcion>Aventura épica con exploración de mazmorras y puzles.</descripcion>
            <imagen>./images/Zelda.png</imagen>
            <precio>34.99</precio>
        </producto>
        <producto>
            <nombre>Sonic the Hedgehog</nombre>
            <descripcion>El erizo azul más rápido del mundo en su aventura para Sega Genesis.</descripcion>
            <imagen>./images/Sonic.webp</imagen>
            <precio>24.99</precio>
        </producto>
    </productos>
</tienda>
